data,preco_gasolina,preco_gasolina_real,postos_pesquisados,indice_ipca,ipca_mensal,salario_minimo,litros_por_salario,custo_tanque_50l,percentual_salario_tanque,indice_gasolina_100,indice_ipca_100,indice_salario_100
2015-01-01,3.032,5.648931283149238,34414.0,4110.2,1.24,788,259.8944591029024,151.6,19.238578680203045,100.0,100.0,100.0
2015-02-01,3.301,6.0759857920266125,34078.0,4160.34,1.22,788,238.7155407452287,165.05,20.945431472081218,108.87203166226914,101.21989197605956,100.0
2015-03-01,3.323,6.036789377167719,39073.0,4215.26,1.32,788,237.13511886849233,166.15,21.08502538071066,109.5976253298153,102.55607999610726,100.0
2015-04-01,3.308,5.9671701007493185,37269.0,4245.19,0.71,788,238.21039903264813,165.39999999999998,20.989847715736037,109.10290237467018,103.2842684054304,100.0
2015-05-01,3.299,5.907228001215919,33871.0,4276.6,0.74,788,238.8602606850561,164.95,20.93274111675127,108.8060686015831,104.04846479490051,100.0
2015-06-01,3.301,5.864473221680636,39539.0,4310.39,0.79,788,238.7155407452287,165.05,20.945431472081218,108.87203166226914,104.87056590920152,100.0
2015-07-01,3.296,5.81951531780379,36463.0,4337.11,0.62,788,239.07766990291265,164.79999999999998,20.913705583756343,108.7071240105541,105.52065592915186,100.0
2015-08-01,3.295,5.804980927840981,20698.0,4346.65,0.22,788,239.15022761760244,164.75,20.90736040609137,108.67414248021107,105.75276142280181,100.0
2015-09-01,3.277,5.742263647222502,13475.0,4370.12,0.54,788,240.46383887702166,163.85,20.793147208121827,108.08047493403694,106.32377986472679,100.0
2015-10-01,3.48,6.0483892009668745,14226.0,4405.95,0.82,788,226.4367816091954,174.0,22.081218274111674,114.77572559366756,107.19551360031143,100.0
2015-11-01,3.576,6.153095188127043,17843.0,4450.45,1.01,788,220.3579418344519,178.8,22.69035532994924,117.94195250659631,108.27818597635152,100.0
2015-12-01,3.633,6.191738369569814,24507.0,4493.17,0.96,788,216.90063308560417,181.65,23.052030456852794,119.82189973614777,109.31755145735,100.0
2016-01-01,3.676,6.186459910817696,22761.0,4550.23,1.27,880,239.39064200217626,183.8,20.88636363636364,121.2401055408971,110.70580507031286,111.6751269035533
2016-02-01,3.71,6.187990516599218,24756.0,4591.18,0.9,880,237.1967654986523,185.5,21.079545454545453,122.36147757255938,111.70210695343295,111.6751269035533
2016-03-01,3.73,6.194714482142392,26434.0,4610.92,0.43,880,235.92493297587131,186.5,21.19318181818182,123.02110817941951,112.18237555350106,111.6751269035533
2016-04-01,3.717,6.1356920942865445,22743.0,4639.05,0.61,880,236.75006725854183,185.85,21.11931818181818,122.59234828496042,112.86677047345628,111.6751269035533
2016-05-01,3.674,6.0177788087431,26393.0,4675.23,0.78,880,239.52095808383234,183.7,20.875,121.17414248021107,113.74701960975135,111.6751269035533
2016-06-01,3.646,5.951091970952278,24764.0,4691.59,0.35,880,241.36039495337357,182.29999999999998,20.715909090909086,120.25065963060686,114.14505376867305,111.6751269035533
2016-07-01,3.638,5.907311453162539,22686.0,4715.99,0.52,880,241.89114898295767,181.9,20.670454545454547,119.98680738786278,114.73869884677144,111.6751269035533
2016-08-01,3.651,5.90245025692776,27838.0,4736.74,0.44,880,241.029854834292,182.54999999999998,20.74431818181818,120.4155672823219,115.24354046031824,111.6751269035533
2016-09-01,3.648,5.8928851921620575,23221.0,4740.53,0.08,880,241.22807017543857,182.4,20.727272727272727,120.31662269129288,115.335750085154,111.6751269035533
2016-10-01,3.662,5.90015427763494,24478.0,4752.86,0.26,880,240.30584380120155,183.1,20.806818181818183,120.77836411609499,115.63573548732423,111.6751269035533
2016-11-01,3.671,5.904021663705365,26093.0,4761.42,0.18,880,239.7166984472896,183.54999999999998,20.857954545454543,121.07519788918204,115.84399785898498,111.6751269035533
2016-12-01,3.734,5.987386942228364,23221.0,4775.7,0.3,880,235.67220139260846,186.7,21.21590909090909,123.15303430079156,116.19142620797041,111.6751269035533
2017-01-01,3.768,6.019029932100502,26373.0,4793.85,0.38,937,248.67303609341826,188.39999999999998,20.106723585912484,124.27440633245381,116.63301055909689,118.90862944162437
2017-02-01,3.755,5.978534109408753,20404.0,4809.67,0.33,937,249.53395472703065,187.75,20.03735325506937,123.84564643799472,117.01790667120821,118.90862944162437
2017-03-01,3.687,5.855633711416536,27073.0,4821.69,0.25,937,254.1361540547871,184.35,19.674493062966917,121.60290237467018,117.3103498613206,118.90862944162437
2017-04-01,3.635,5.764977622171964,22713.0,4828.44,0.14,937,257.7716643741403,181.75,19.39701173959445,119.88786279683377,117.47457544645027,118.90862944162437
2017-05-01,3.617,5.718700132757706,27610.0,4843.41,0.31,937,259.05446502626484,180.85,19.300960512273214,119.29419525065963,117.83879129969345,118.90862944162437
2017-06-01,3.548,5.622538897867876,23375.0,4832.27,-0.23,937,264.09244644870347,177.4,18.932764140875133,117.01846965699207,117.5677582599387,118.90862944162437
2017-07-01,3.553,5.616978715366019,23377.0,4843.87,0.24,937,263.7207993245145,177.65,18.959445037353255,117.18337730870712,117.84998296919858,118.90862944162437
2017-08-01,3.781,5.966095096505923,14838.0,4853.07,0.19,937,247.81803755620206,189.05,20.176093916755605,124.70316622691293,118.07381635930125,118.90862944162437
2017-09-01,3.881,6.114110168428025,12508.0,4860.83,0.16,937,241.4326204586447,194.04999999999998,20.709711846318037,128.00131926121372,118.26261495790959,118.90862944162437
2017-10-01,3.895,6.11049594878361,15370.0,4881.25,0.42,937,240.56482670089858,194.75,20.784418356456776,128.46306068601584,118.75942776507227,118.90862944162437
2017-11-01,4.004,6.263953429269527,12806.0,4894.92,0.28,937,234.01598401598403,200.2,21.366061899679828,132.05804749340368,119.09201498710527,118.90862944162437
2017-12-01,4.085,6.362672949642628,12542.0,4916.46,0.44,937,229.37576499388004,204.25,21.7982924226254,134.72955145118732,119.61607707654129,118.90862944162437
2018-01-01,4.189,6.505790426144659,27471.0,4930.72,0.29,954,227.73931725948913,209.45,21.954926624737944,138.15963060686016,119.96301883120044,121.06598984771573
2018-02-01,4.208,6.514450184979278,23032.0,4946.5,0.32,954,226.71102661596956,210.4,22.054507337526204,138.7862796833773,120.34694175465914,121.06598984771573
2018-03-01,4.199,6.494674409961724,24090.0,4950.95,0.09,954,227.196951655156,209.95,22.00733752620545,138.48944591029021,120.45520899226314,121.06598984771573
2018-04-01,4.215,6.505113415587765,25483.0,4961.84,0.22,954,226.33451957295375,210.75,22.09119496855346,139.01715039577834,120.72015960293905,121.06598984771573
2018-05-01,4.314,6.631373533881073,21203.0,4981.69,0.4,954,221.1404728789986,215.7,22.610062893081757,142.28232189973616,121.20310447180185,121.06598984771573
2018-06-01,4.552,6.9101523175919715,22757.0,5044.46,1.26,954,209.57820738137085,227.59999999999997,23.85744234800838,150.13192612137203,122.73028076492629,121.06598984771573
2018-07-01,4.492,6.796636145035378,25523.0,5061.11,0.33,954,212.37756010685663,224.6,23.542976939203353,148.15303430079157,123.13537054157948,121.06598984771573
2018-08-01,4.447,6.734603230259306,26503.0,5056.56,-0.09,954,214.52664717787272,222.35,23.30712788259958,146.6688654353562,123.02467033234394,121.06598984771573
2018-09-01,4.625,6.970711724265524,23112.0,5080.83,0.48,954,206.27027027027026,231.25,24.240041928721173,152.5395778364116,123.61515254732129,121.06598984771573
2018-10-01,4.717,7.077528691985602,27682.0,5103.69,0.45,954,202.24719101123597,235.85,24.72222222222222,155.57387862796833,124.1713298622938,121.06598984771573
2018-11-01,4.59,6.901470203044588,24409.0,5092.97,-0.21,954,207.84313725490196,229.5,24.056603773584907,151.38522427440634,123.91051530339156,121.06598984771573
2018-12-01,4.365,6.553332140665528,23221.0,5100.61,0.15,954,218.55670103092783,218.25,22.87735849056604,143.96437994722956,124.09639433604205,121.06598984771573
2019-01-01,4.268,6.387265731600783,29056.0,5116.93,0.32,998,233.8331771321462,213.39999999999998,21.382765531062123,140.7651715039578,124.49345530631115,126.6497461928934
2019-02-01,4.19,6.2436905542593495,23251.0,5138.93,0.43,998,238.18615751789974,209.50000000000003,20.991983967935873,138.19261213720318,125.02870906525231,126.6497461928934
2019-03-01,4.305,6.367304426679439,23219.0,5177.47,0.75,998,231.82346109175379,215.25,21.56813627254509,141.98548812664907,125.966376332052,126.6497461928934
2019-04-01,4.437,6.525346363919201,27385.0,5206.98,0.57,998,224.92675231011944,221.85000000000002,22.22945891783567,146.33905013192611,126.6843462605226,126.6497461928934
2019-05-01,4.552,6.685780284823782,24841.0,5213.75,0.13,998,219.24428822495608,227.59999999999997,22.805611222444885,150.13192612137203,126.8490584399786,126.6497461928934
2019-06-01,4.468,6.5617502814392035,23235.0,5214.27,0.01,998,223.3661593554163,223.4,22.384769539078157,147.36147757255938,126.86170989246266,126.6497461928934
2019-07-01,4.351,6.37780153631766,28065.0,5224.18,0.19,998,229.37255803263616,217.55,21.798597194388776,143.50263852242745,127.10281738114935,126.6497461928934
2019-08-01,4.316,6.3195420741768995,24149.0,5229.93,0.11,998,231.23262279888786,215.79999999999998,21.62324649298597,142.34828496042215,127.24271324996353,126.6497461928934
2019-09-01,4.326,6.336716498592152,25045.0,5227.84,-0.04,998,230.69810448451227,216.29999999999998,21.673346693386772,142.67810026385223,127.19186414286409,126.6497461928934
2019-10-01,4.38,6.409403543235615,27201.0,5233.07,0.1,998,227.8538812785388,219.0,21.9438877755511,144.45910290237467,127.31910855919419,126.6497461928934
2019-11-01,4.413,6.42492480455382,23235.0,5259.76,0.51,998,226.15001133016088,220.65,22.10921843687375,145.54749340369392,127.96846868765512,126.6497461928934
2019-12-01,4.531,6.521718834641228,26228.0,5320.25,1.15,998,220.26042816155376,226.54999999999998,22.700400801603205,149.43931398416885,129.44017322758017,126.6497461928934
2020-01-01,4.579,6.576999311628046,25996.0,5331.42,0.21,1039,226.90543786853027,228.95,22.035611164581326,151.02242744063324,129.7119361588244,131.85279187817258
2020-02-01,4.55,6.51904607324945,23230.0,5344.75,0.25,1045,229.6703296703297,227.5,21.770334928229666,150.06596306068602,130.0362512773101,132.61421319796952
2020-03-01,4.462,6.388493062527927,26055.0,5348.49,0.07,1045,234.19991035410132,223.1,21.349282296650717,147.1635883905013,130.12724441633011,132.61421319796952
2020-04-01,4.066,5.8396203574328895,25947.0,5331.91,-0.31,1045,257.0093457943925,203.29999999999998,19.454545454545453,134.10290237467018,129.72385771981897,132.61421319796952
2020-05-01,3.818,5.504356111566087,23056.0,5311.65,-0.38,1045,273.70350969093766,190.9,18.267942583732058,125.92348284960421,129.2309376672668,132.61421319796952
2020-06-01,3.964,5.700022480687114,26187.0,5325.46,0.26,1045,263.6226034308779,198.2,18.966507177033492,130.73878627968338,129.56693104958396,132.61421319796952
2020-07-01,4.144,5.937479885417699,25641.0,5344.63,0.36,1045,252.17181467181467,207.20000000000002,19.82775119617225,136.67546174142478,130.03333171135225,132.61421319796952
2020-08-01,4.237,6.0561911820153576,17042.0,5357.46,0.24,1045,246.63677130044843,211.85,20.272727272727273,139.74274406332455,130.34548197168021,132.61421319796952
2020-09-01,,,,5391.75,0.64,1045,,,,,131.17974794413897,132.61421319796952
2020-10-01,4.358,6.136750814619758,2350.0,5438.12,0.86,1045,239.78889398806794,217.89999999999998,20.851674641148325,143.7335092348285,132.30791688968907,132.61421319796952
2020-11-01,4.406,6.149610022382128,7996.0,5486.52,0.89,1045,237.1765773944621,220.29999999999998,21.08133971291866,145.31662269129285,133.48547515935968,132.61421319796952
2020-12-01,4.483,6.17373400844155,10805.0,5560.59,1.35,1045,233.102832924381,224.14999999999998,21.449760765550238,147.85620052770446,135.2875772468493,132.61421319796952
2021-01-01,4.622,6.3492854162443555,10748.0,5574.49,0.25,1100,237.99221116399826,231.1,21.009090909090908,152.44063324538257,135.62576030363488,139.59390862944164
2021-02-01,4.951,6.7432446877951335,11354.0,5622.43,0.86,1100,222.17733791153304,247.54999999999998,22.50454545454545,163.29155672823217,136.79212690380032,139.59390862944164
2021-03-01,5.484,7.400363598556403,15378.0,5674.72,0.93,1100,200.58351568198395,274.2,24.927272727272726,180.8707124010554,138.06432776993822,139.59390862944164
2021-04-01,5.448,7.329065535784243,13478.0,5692.31,0.31,1100,201.90895741556534,272.40000000000003,24.763636363636365,179.68337730870715,138.492287479928,139.59390862944164
2021-05-01,5.604,7.476865634299492,15498.0,5739.56,0.83,1100,196.28836545324768,280.2,25.47272727272727,184.82849604221636,139.64186657583576,139.59390862944164
2021-06-01,5.687,7.547601639867037,18804.0,5769.98,0.53,1100,193.42359767891682,284.35,25.85,187.56596306068602,140.38197654615348,139.59390862944164
2021-07-01,5.807,7.6335817484554624,18134.0,5825.37,0.96,1100,189.42655415877388,290.35,26.395454545454548,191.523746701847,141.72959953286946,139.59390862944164
2021-08-01,5.933,7.731947837407781,20490.0,5876.05,0.87,1100,185.4036743637283,296.65,26.96818181818181,195.67941952506595,142.9626295557394,139.59390862944164
2021-09-01,6.078,7.830087251291593,19641.0,5944.21,1.16,1100,180.9805857189865,303.90000000000003,27.62727272727273,200.46174142480214,144.6209430198044,139.59390862944164
2021-10-01,6.341,8.068054373923113,18692.0,6018.51,1.25,1100,173.47421542343477,317.05,28.82272727272727,209.1358839050132,146.42864094204663,139.59390862944164
2021-11-01,6.744,8.500060259822341,21514.0,6075.69,0.95,1100,163.10794780545672,337.2,30.654545454545453,222.42744063324537,147.81981412096735,139.59390862944164
2021-12-01,6.67,8.345870141371625,20695.0,6120.04,0.73,1100,164.9175412293853,333.5,30.318181818181817,219.9868073878628,148.89883703956014,139.59390862944164
2022-01-01,6.635,8.2574834026481,19920.0,6153.09,0.54,1212,182.66767143933686,331.75,27.372112211221122,218.83245382585753,149.70293416378766,153.80710659898477
2022-02-01,6.6,8.131788635676175,20006.0,6215.24,1.01,1212,183.63636363636365,330.0,27.22772277227723,217.67810026385223,151.21502603279646,153.80710659898477
2022-03-01,7.012,8.50167794133247,23030.0,6315.93,1.62,1212,172.8465487735311,350.59999999999997,28.927392739273927,231.26649076517148,153.66478516860496,153.80710659898477
2022-04-01,7.245,8.692040873398842,20863.0,6382.88,1.06,1212,167.28778467908901,362.25,29.888613861386137,238.95118733509233,155.29365967592818,153.80710659898477
2022-05-01,7.28,8.693172864609972,24261.0,6412.88,0.47,1212,166.48351648351647,364.0,30.033003300330037,240.10554089709763,156.02355116539343,153.80710659898477
2022-06-01,7.25,8.599726217306783,24407.0,6455.85,0.67,1212,167.17241379310346,362.5,29.909240924092412,239.11609498680738,157.0689990754708,153.80710659898477
2022-07-01,6.05,7.2254566083640706,21917.0,6411.95,-0.68,1212,200.3305785123967,302.5,24.95874587458746,199.5382585751979,156.00092452922,153.80710659898477
2022-08-01,5.39,6.460479662287697,26424.0,6388.87,-0.36,1212,224.86085343228203,269.5,22.235973597359738,177.77044854881265,155.43939467665808,153.80710659898477
2022-09-01,5.0,6.010456270779895,12154.0,6370.34,-0.29,1212,242.4,250.0,20.627062706270628,164.90765171503958,154.98856503333172,153.80710659898477
2022-10-01,4.89,5.843743564614469,8849.0,6407.93,0.59,1212,247.85276073619633,244.49999999999997,20.17326732673267,161.2796833773087,155.90311906963166,153.80710659898477
2022-11-01,5.04,5.998408380218209,13443.0,6434.2,0.41,1212,240.47619047619048,252.0,20.792079207920793,166.22691292875987,156.54226071724005,153.80710659898477
2022-12-01,4.97,5.878651378031506,13541.0,6474.09,0.62,1212,243.8631790744467,248.5,20.503300330033003,163.91820580474933,157.51277310106565,153.80710659898477
2023-01-01,5.05,5.941788534816545,17732.0,6508.4,0.53,1302,257.82178217821786,252.5,19.393241167434716,166.55672823218995,158.3475256678507,165.2284263959391
2023-02-01,5.09,5.938965407956947,16013.0,6563.07,0.84,1302,255.7956777996071,254.5,19.546850998463903,167.87598944591028,159.67763125881953,165.2284263959391
2023-03-01,5.52,6.395276859510383,18512.0,6609.67,0.71,1302,235.8695652173913,276.0,21.19815668202765,182.05804749340368,160.8113960391222,165.2284263959391
2023-04-01,5.51,6.344985827046356,17619.0,6649.99,0.61,1302,236.29764065335755,275.5,21.15975422427035,181.7282321899736,161.79237020096346,165.2284263959391
2023-05-01,5.39,6.192562758053675,22262.0,6665.28,0.23,1320,244.8979591836735,269.5,20.416666666666668,177.77044854881265,162.16437156342758,167.51269035532994
2023-06-01,5.38,6.186020525679622,18686.0,6659.95,-0.08,1320,245.35315985130111,269.0,20.37878787878788,177.44063324538257,162.03469417546592,167.51269035532994
2023-07-01,5.61,6.44274922989709,20770.0,6667.94,0.12,1320,235.2941176470588,280.5,21.25,185.0263852242744,162.2290886088268,167.51269035532994
2023-08-01,5.71,6.542541731006332,21321.0,6683.28,0.23,1320,231.17338003502627,285.5,21.62878787878788,188.32453825857522,162.60230645710672,167.51269035532994
2023-09-01,5.83,6.662711717950172,18534.0,6700.66,0.26,1320,226.41509433962264,291.5,22.083333333333332,192.28232189973616,163.02515692667023,167.51269035532994
2023-10-01,5.73,6.532751438942106,21858.0,6716.74,0.24,1320,230.36649214659684,286.5,21.704545454545453,188.98416886543538,163.4163787650236,167.51269035532994
2023-11-01,5.63,6.400816548017607,19956.0,6735.55,0.28,1320,234.45825932504442,281.5,21.325757575757574,185.68601583113457,163.8740207289183,167.51269035532994
2023-12-01,5.6,6.331253294199107,18822.0,6773.27,0.56,1320,235.71428571428572,280.0,21.21212121212121,184.6965699208443,164.79173762833926,167.51269035532994
2024-01-01,5.57,6.270995586410496,22735.0,6801.72,0.42,1412,253.5008976660682,278.5,19.723796033994333,183.70712401055408,165.48391805751547,179.18781725888323
2024-02-01,5.75,6.420363960065147,19457.0,6858.17,0.83,1412,245.56521739130434,287.5,20.361189801699716,189.6437994722955,166.85733054352588,179.18781725888323
2024-03-01,5.74,6.398962635788468,18955.0,6869.14,0.16,1412,245.99303135888502,287.0,20.325779036827196,189.31398416886543,167.124227531507,179.18781725888323
2024-04-01,5.8,6.441376079730364,22464.0,6895.24,0.38,1412,243.44827586206898,290.0,20.53824362606232,191.29287598944592,167.75923312734173,179.18781725888323
2024-05-01,5.86,6.478209459849631,19892.0,6926.96,0.46,1412,240.95563139931738,293.0,20.75070821529745,193.2717678100264,168.53097172886967,179.18781725888323
2024-06-01,5.85,6.4535987847024625,19016.0,6941.51,0.21,1412,241.3675213675214,292.5,20.71529745042493,192.9419525065963,168.8849691012603,179.18781725888323
2024-07-01,6.04,6.637976374483523,20530.0,6967.89,0.38,1412,233.7748344370861,302.0,21.388101983002834,199.2084432717678,169.5267870176634,179.18781725888323
2024-08-01,6.11,6.716246364745568,17279.0,6966.5,-0.02,1412,231.09656301145662,305.5,21.635977337110482,201.51715039577834,169.49296871198482,179.18781725888323
2024-09-01,6.08,6.653994612092066,19177.0,6997.15,0.44,1412,232.23684210526315,304.0,21.529745042492916,200.5277044854881,170.23867451705513,179.18781725888323
2024-10-01,6.09,6.6278266795332215,18706.0,7036.33,0.56,1412,231.85550082101807,304.5,21.56515580736544,200.85751978891818,171.19191280229674,179.18781725888323
2024-11-01,6.1,6.612921003939821,16172.0,7063.77,0.39,1412,231.47540983606558,305.0,21.600566572237963,201.18733509234826,171.85952021799426,179.18781725888323
2024-12-01,6.14,6.621852292092106,18631.0,7100.5,0.52,1412,229.96742671009773,307.0,21.742209631728045,202.5065963060686,172.75315069826286,179.18781725888323
2025-01-01,6.18,6.654345192396925,17793.0,7111.86,0.16,1518,245.63106796116506,309.0,20.35573122529644,203.8258575197889,173.02953627560703,192.63959390862942
2025-02-01,6.36,6.759605830926451,17015.0,7205.03,1.31,1518,238.67924528301884,318.0,20.948616600790515,209.76253298153034,175.2963359447229,192.63959390862942
2025-03-01,6.34,6.700822896797683,19844.0,7245.38,0.56,1518,239.43217665615143,317.0,20.88274044795784,209.10290237467018,176.27803999805363,192.63959390862942
2025-04-01,6.32,6.651080541026367,19037.0,7276.54,0.43,1518,240.18987341772151,316.0,20.816864295125164,208.44327176781002,177.03615395844486,192.63959390862942
2025-05-01,6.28,6.591845394258896,18007.0,7295.46,0.26,1518,241.71974522292993,314.0,20.685111989459813,207.12401055408972,177.49647219113427,192.63959390862942
2025-06-01,6.23,6.523704855893023,19122.0,7312.97,0.24,1518,243.6597110754414,311.5,20.52042160737813,205.47493403693932,177.9224855238188,192.63959390862942
2025-07-01,6.21,6.485901939176047,17232.0,7331.98,0.26,1518,244.44444444444446,310.5,20.454545454545457,204.81530343007915,178.3849934309766,192.63959390862942
2025-08-01,6.19,6.472136973283397,14266.0,7323.91,-0.11,1518,245.23424878836832,309.5,20.38866930171278,204.155672823219,178.18865262031045,192.63959390862942
2025-09-01,6.19,6.44122329482298,17103.0,7359.06,0.48,1518,245.23424878836832,309.5,20.38866930171278,204.155672823219,179.04384214880056,192.63959390862942
2025-10-01,6.2,6.445830663292459,16621.0,7365.68,0.09,1518,244.83870967741936,310.0,20.421607378129117,204.48548812664907,179.20490487080923,192.63959390862942
2025-11-01,6.17,6.403114010955504,16435.0,7378.94,0.18,1518,246.0291734197731,308.5,20.322793148880105,203.49604221635883,179.52751690915284,192.63959390862942
2025-12-01,6.19,6.402741038106032,19948.0,7403.29,0.33,1518,245.23424878836832,309.5,20.38866930171278,204.155672823219,180.11994550143547,192.63959390862942
2026-01-01,6.32,6.515707861901094,17221.0,7427.72,0.33,1621,256.48734177215186,316.0,19.494139420111043,208.44327176781002,180.7143204710233,205.71065989847716
2026-02-01,6.3,6.449942444292626,17092.0,7479.71,0.7,1621,257.3015873015873,315.0,19.432449105490438,207.78364116094986,181.97922242226656,205.71065989847716
2026-03-01,6.59,6.687991526108836,20349.0,7545.53,0.88,1621,245.97875569044007,329.5,20.326958667489205,217.34828496042215,183.5806043501533,205.71065989847716
2026-04-01,6.74,6.79469308552163,18406.0,7596.09,0.67,1621,240.50445103857567,337.0,20.789636027143736,222.29551451187336,184.81071480706538,205.71065989847716
2026-05-01,6.64,6.655278652906029,17465.0,7640.15,0.58,1621,244.1265060240964,332.0,20.481184454040715,218.99736147757255,185.88268210792663,205.71065989847716
2026-06-01,6.62,6.624636890270596,20390.0,7652.37,0.16,1621,244.86404833836858,331.0,20.41949413942011,218.3377308707124,186.17999124130213,205.71065989847716
2026-07-01,6.57,6.57,18876.0,7657.73,0.07,1621,246.72754946727548,328.5,20.2652683528686,216.688654353562,186.31039852075324,205.71065989847716
